-- phpMyAdmin SQL Dump
-- version 3.5.2.2
-- http://www.phpmyadmin.net
--
-- Host: 127.0.0.1
-- Generation Time: Sep 30, 2019 at 01:44 PM
-- Server version: 5.5.27
-- PHP Version: 5.4.7

SET SQL_MODE="NO_AUTO_VALUE_ON_ZERO";
SET time_zone = "+00:00";


/*!40101 SET @OLD_CHARACTER_SET_CLIENT=@@CHARACTER_SET_CLIENT */;
/*!40101 SET @OLD_CHARACTER_SET_RESULTS=@@CHARACTER_SET_RESULTS */;
/*!40101 SET @OLD_COLLATION_CONNECTION=@@COLLATION_CONNECTION */;
/*!40101 SET NAMES utf8 */;

--
-- Database: `kpkb`
--

-- --------------------------------------------------------

--
-- Table structure for table `angsuran`
--

CREATE TABLE IF NOT EXISTS `angsuran` (
  `kode_angsur` int(11) NOT NULL AUTO_INCREMENT,
  `kode_pinjam` varchar(8) NOT NULL,
  `angsuran_ke` int(11) NOT NULL,
  `besar_angsuran` int(11) NOT NULL,
  `denda` int(11) NOT NULL,
  `sisa_pinjam` int(11) NOT NULL,
  `kode_anggota` char(10) NOT NULL,
  `id_klien` int(11) NOT NULL,
  `id_user` mediumint(10) DEFAULT NULL,
  `tgl_entri` date NOT NULL,
  PRIMARY KEY (`kode_angsur`)
) ENGINE=InnoDB  DEFAULT CHARSET=latin1 AUTO_INCREMENT=41 ;

--
-- Dumping data for table `angsuran`
--

INSERT INTO `angsuran` (`kode_angsur`, `kode_pinjam`, `angsuran_ke`, `besar_angsuran`, `denda`, `sisa_pinjam`, `kode_anggota`, `id_klien`, `id_user`, `tgl_entri`) VALUES
(1, 'PNA0001', 1, 24033000, 0, 48067000, '0', 5, 1, '2019-08-12'),
(2, 'PNA0001', 2, 24033000, 0, 24034000, '0', 5, 1, '2019-09-04'),
(3, 'PNA0004', 1, 5200000, 0, 10250000, '0', 8, 1, '2019-09-05'),
(4, 'PNA0001', 3, 24034000, 0, 0, '0', 5, 1, '2019-09-08'),
(5, 'PNA0002', 1, 17167000, 0, 34333000, '0', 7, 1, '2019-09-09'),
(6, 'PNA0004', 2, 5150000, 0, 5100000, '0', 8, 1, '2019-09-09'),
(7, 'PNA0003', 1, 17167000, 0, 34333000, '0', 7, 1, '2019-09-09'),
(8, 'PNA0002', 2, 17167000, 0, 17166000, '0', 7, 1, '2019-09-09'),
(9, 'PNA0002', 3, 17166000, 0, 0, '0', 7, 1, '2019-09-11'),
(10, 'PNA0003', 2, 17167000, 0, 17166000, '0', 7, 1, '2019-09-11'),
(11, 'PNA0005', 1, 2403000, 0, 4807000, '0', 26, 1, '2019-09-11'),
(12, 'PNA0006', 1, 3433000, 0, 6867000, '0', 9, 1, '2019-09-11'),
(13, 'PNA0007', 1, 4120000, 0, 8240000, '0', 10, 1, '2019-09-11'),
(14, 'PNA0010', 1, 2060000, 0, 4120000, '0', 13, 1, '2019-09-11'),
(15, 'PNA0011', 1, 2747000, 0, 5493000, '0', 14, 1, '2019-09-11'),
(16, 'PNA0012', 1, 2575000, 0, 5150000, '0', 16, 1, '2019-09-11'),
(17, 'PNA0013', 1, 2232000, 0, 4463000, '0', 15, 1, '2019-09-11'),
(18, 'PNA0014', 1, 3090000, 0, 6180000, '0', 18, 1, '2019-09-11'),
(19, 'PNA0015', 1, 3435000, 0, 6865000, '0', 19, 1, '2019-09-11'),
(20, 'PNA0016', 1, 2918000, 0, 5837000, '0', 20, 1, '2019-09-11'),
(21, 'PNA0017', 1, 258000, 0, 514500, '0', 21, 1, '2019-09-11'),
(22, 'PNA0018', 1, 2747000, 0, 5493000, '0', 22, 1, '2019-09-11'),
(23, 'PNA0019', 1, 2060000, 0, 4120000, '0', 25, 1, '2019-09-11'),
(24, 'PNA0020', 1, 2575000, 0, 5150000, '0', 27, 1, '2019-09-11'),
(25, 'PNA0021', 1, 2918000, 0, 5837000, '0', 23, 1, '2019-09-11'),
(26, 'PNA0022', 1, 3090000, 0, 6180000, '0', 24, 1, '2019-09-11'),
(27, 'PNA0024', 1, 2918000, 0, 5837000, '0', 29, 1, '2019-09-11'),
(28, 'PNA0025', 1, 3265000, 0, 6520000, '0', 28, 1, '2019-09-11'),
(29, 'PNA0026', 1, 3433000, 0, 6867000, '0', 30, 1, '2019-09-11'),
(30, 'PNA0027', 1, 3433000, 0, 6867000, '0', 31, 1, '2019-09-11'),
(31, 'PNA0028', 1, 3262000, 0, 6523000, '0', 32, 1, '2019-09-11'),
(32, 'PNA0029', 1, 3262000, 0, 6523000, '0', 35, 1, '2019-09-11'),
(33, 'PNA0030', 1, 3262000, 0, 6523000, '0', 33, 1, '2019-09-11'),
(34, 'PNA0006', 2, 3433000, 0, 3434000, '0', 9, 1, '2019-09-12'),
(35, 'PNA0011', 2, 2747000, 0, 2746000, '0', 14, 1, '2019-09-18'),
(36, 'PNA0033', 1, 3433000, 0, 6867000, '0', 38, 1, '2019-09-18'),
(37, 'PNA0004', 3, 5100000, 0, 0, '0', 8, 1, '2019-09-18'),
(38, 'PNA0034', 1, 3500000, 0, 6800000, '0', 27, 1, '2019-09-18'),
(39, 'PNA0033', 2, 3500000, 0, 3367000, '0', 38, 1, '2019-09-18'),
(40, 'PNA0031', 1, 4120000, 0, 8240000, '0', 34, 1, '2019-09-21');

-- --------------------------------------------------------

--
-- Table structure for table `eks_pinjaman`
--

CREATE TABLE IF NOT EXISTS `eks_pinjaman` (
  `id_eks_pinjaman` int(5) NOT NULL AUTO_INCREMENT,
  `kode_pinjam` varchar(8) NOT NULL,
  `id_klien` int(10) NOT NULL,
  `kode_jenis_pinjam` char(5) NOT NULL,
  `type` varchar(10) NOT NULL,
  `besar_pinjam` double NOT NULL,
  `total_pinjam` double NOT NULL,
  `besar_angsuran` double NOT NULL,
  `lama_angsuran` int(11) NOT NULL,
  `sisa_angsuran` int(11) NOT NULL,
  `sisa_pinjaman` double NOT NULL,
  `id_user` mediumint(5) NOT NULL,
  `tgl_entri` date NOT NULL,
  `tgl_tempo` date NOT NULL,
  `jaminan` varchar(150) NOT NULL,
  `file_jaminan` varchar(200) NOT NULL,
  `file_perjanjian` varchar(200) NOT NULL,
  `acc` varchar(10) NOT NULL,
  `status` varchar(30) NOT NULL,
  PRIMARY KEY (`id_eks_pinjaman`),
  KEY `kode_pinjam` (`kode_pinjam`)
) ENGINE=InnoDB  DEFAULT CHARSET=latin1 AUTO_INCREMENT=55 ;

--
-- Dumping data for table `eks_pinjaman`
--

INSERT INTO `eks_pinjaman` (`id_eks_pinjaman`, `kode_pinjam`, `id_klien`, `kode_jenis_pinjam`, `type`, `besar_pinjam`, `total_pinjam`, `besar_angsuran`, `lama_angsuran`, `sisa_angsuran`, `sisa_pinjaman`, `id_user`, `tgl_entri`, `tgl_tempo`, `jaminan`, `file_jaminan`, `file_perjanjian`, `acc`, `status`) VALUES
(1, 'PNA0001', 5, 'P0005', 'Perusahaan', 70000000, 72100000, 24033000, 3, 3, 0, 1, '2019-08-12', '2019-11-10', 'SERTIIKAT TOKO', '', '', 'ACC', 'lunas'),
(2, 'PNA0002', 7, 'P0006', 'Personal', 50000000, 51500000, 17167000, 3, 3, 0, 1, '2019-08-12', '2019-11-10', 'SERTIIKAT TOKO', '', '', 'ACC', 'lunas'),
(3, 'PNA0003', 7, 'P0006', 'Personal', 50000000, 51500000, 17167000, 3, 1, 17166000, 1, '2019-08-12', '2019-11-10', 'SERTIIKAT RUMAH', '', '', 'ACC', 'belum lunas'),
(4, 'PNA0004', 8, 'P0005', 'Perusahaan', 15000000, 15450000, 5150000, 3, 3, 0, 1, '2019-09-05', '2019-12-04', 'SERTIFIKAT', 'PNA0004.1.jpg', '', 'ACC', 'lunas'),
(5, 'PNA0005', 26, 'P0006', 'Personal', 7000000, 7210000, 2403000, 3, 2, 4807000, 1, '2019-09-08', '2019-12-07', 'BPKB', 'PNA0005.11.jpg', '', 'ACC', 'belum lunas'),
(6, 'PNA0006', 9, 'P0005', 'Perusahaan', 10000000, 10300000, 3433000, 3, 1, 3434000, 1, '2019-09-08', '2019-12-07', 'BPKB', 'PNA0006.11.jpg', '', 'ACC', 'belum lunas'),
(7, 'PNA0007', 10, 'P0005', 'Perusahaan', 12000000, 12360000, 4120000, 3, 2, 8240000, 1, '2019-09-08', '2019-12-07', 'SERTIFIKAT', 'PNA0007.3.jpg', '', 'ACC', 'belum lunas'),
(8, 'PNA0008', 11, 'P0005', 'Perusahaan', 15000000, 15450000, 5150000, 3, 3, 15450000, 1, '2019-09-08', '2019-12-07', 'BPKB', 'PNA0008.7.jpg', '', 'ACC', 'belum lunas'),
(9, 'PNA0009', 12, 'P0005', 'Perusahaan', 12000000, 12360000, 4120000, 3, 3, 12360000, 1, '2019-09-08', '2019-12-07', 'BPKB', 'PNA0009.14.jpg', '', 'ACC', 'belum lunas'),
(10, 'PNA0010', 13, 'P0006', 'Personal', 6000000, 6180000, 2060000, 3, 2, 4120000, 1, '2019-09-09', '2019-12-08', 'BPKB', 'PNA0010.8.jpg', '', 'ACC', 'belum lunas'),
(11, 'PNA0011', 14, 'P0006', 'Personal', 8000000, 8240000, 2747000, 3, 1, 2746000, 1, '2019-09-09', '2019-12-08', 'BPKB', 'PNA0011.9.jpg', '', 'ACC', 'belum lunas'),
(12, 'PNA0012', 16, 'P0006', 'Personal', 7500000, 7725000, 2575000, 3, 2, 5150000, 1, '2019-09-09', '2019-12-08', 'BPKB', 'PNA0012.11.jpg', '', 'ACC', 'belum lunas'),
(13, 'PNA0013', 15, 'P0006', 'Personal', 6500000, 6695000, 2232000, 3, 2, 4463000, 1, '2019-09-09', '2019-12-08', 'BPKB', 'PNA0013.14.jpg', '', 'ACC', 'belum lunas'),
(14, 'PNA0014', 18, 'P0006', 'Personal', 9000000, 9270000, 3090000, 3, 2, 6180000, 1, '2019-09-09', '2019-12-08', 'BPKB', 'PNA0014.13.jpg', '', 'ACC', 'belum lunas'),
(15, 'PNA0015', 19, 'P0006', 'Personal', 10000000, 10300000, 3433000, 3, 2, 6865000, 1, '2019-09-09', '2019-12-08', 'BPKB', 'PNA0015.11.jpg', '', 'ACC', 'belum lunas'),
(16, 'PNA0016', 20, 'P0006', 'Personal', 8500000, 8755000, 2918000, 3, 2, 5837000, 1, '2019-09-09', '2019-12-08', 'BPKB', 'PNA0016.11.jpg', '', 'ACC', 'belum lunas'),
(17, 'PNA0017', 21, 'P0006', 'Personal', 750000, 772500, 258000, 3, 2, 514500, 1, '2019-09-09', '2019-12-08', 'BPKB', 'PNA0017.14.jpg', '', 'ACC', 'belum lunas'),
(18, 'PNA0018', 22, 'P0006', 'Personal', 8000000, 8240000, 2747000, 3, 2, 5493000, 1, '2019-09-09', '2019-12-08', 'BPKB', 'PNA0018.7.jpg', '', 'ACC', 'belum lunas'),
(19, 'PNA0019', 25, 'P0006', 'Personal', 6000000, 6180000, 2060000, 3, 2, 4120000, 1, '2019-09-09', '2019-12-08', 'BPKB', 'PNA0019.11.jpg', '', 'ACC', 'belum lunas'),
(20, 'PNA0020', 27, 'P0006', 'Personal', 7500000, 7725000, 2575000, 3, 2, 5150000, 1, '2019-09-09', '2019-12-08', 'BPKB', 'PNA0020.11.jpg', '', 'ACC', 'belum lunas'),
(21, 'PNA0021', 23, 'P0006', 'Personal', 8500000, 8755000, 2918000, 3, 2, 5837000, 1, '2019-09-09', '2019-12-08', 'BPKB', 'PNA0021.11.jpg', '', 'ACC', 'belum lunas'),
(22, 'PNA0022', 24, 'P0006', 'Personal', 9000000, 9270000, 3090000, 3, 2, 6180000, 1, '2019-09-09', '2019-12-08', 'BPKB', 'PNA0022.7.jpg', '', 'ACC', 'belum lunas'),
(23, 'PNA0023', 25, 'P0006', 'Personal', 9000000, 9270000, 3090000, 3, 3, 9270000, 1, '2019-09-09', '2019-12-08', 'BPKB', 'PNA0023.11.jpg', '', 'DiTolak', 'belum lunas'),
(24, 'PNA0024', 29, 'P0006', 'Personal', 8500000, 8755000, 2918000, 3, 2, 5837000, 1, '2019-09-09', '2019-12-08', 'BPKB', 'PNA0024.7.jpg', '', 'ACC', 'belum lunas'),
(25, 'PNA0025', 28, 'P0006', 'Personal', 9500000, 9785000, 3262000, 3, 2, 6520000, 1, '2019-09-09', '2019-12-08', 'BPKB', 'PNA0025.10.jpg', '', 'ACC', 'belum lunas'),
(26, 'PNA0026', 30, 'P0006', 'Personal', 10000000, 10300000, 3433000, 3, 2, 6867000, 1, '2019-09-09', '2019-12-08', 'BPKB', 'PNA0026.14.jpg', '', 'ACC', 'belum lunas'),
(27, 'PNA0027', 31, 'P0006', 'Personal', 10000000, 10300000, 3433000, 3, 2, 6867000, 1, '2019-09-09', '2019-12-08', 'BPKB', 'PNA0027.11.jpg', '', 'ACC', 'belum lunas'),
(28, 'PNA0028', 32, 'P0006', 'Personal', 9500000, 9785000, 3262000, 3, 2, 6523000, 1, '2019-09-09', '2019-12-08', 'BPKB', 'PNA0028.9.jpg', '', 'ACC', 'belum lunas'),
(29, 'PNA0029', 35, 'P0006', 'Personal', 9500000, 9785000, 3262000, 3, 2, 6523000, 1, '2019-09-09', '2019-12-08', 'BPKB', 'PNA0029.11.jpg', '', 'ACC', 'belum lunas'),
(30, 'PNA0030', 33, 'P0006', 'Personal', 9500000, 9785000, 3262000, 3, 2, 6523000, 1, '2019-09-09', '2019-12-08', 'BPKB', 'PNA0030.7.jpg', '', 'ACC', 'belum lunas'),
(31, 'PNA0031', 34, 'P0006', 'Personal', 12000000, 12360000, 4120000, 3, 2, 8240000, 1, '2019-09-09', '2019-12-08', 'BPKB', 'PNA0031.13.jpg', '', 'ACC', 'belum lunas'),
(32, 'PNA0032', 36, 'P0006', 'Personal', 9500000, 9785000, 3262000, 3, 3, 9785000, 1, '2019-09-09', '2019-12-08', 'BPKB', 'PNA0032.9.jpg', '', 'ACC', 'belum lunas'),
(33, 'PNA0033', 38, 'P0006', 'Personal', 10000000, 10300000, 3433000, 3, 1, 3367000, 1, '2019-09-18', '2019-12-17', 'BPKB', '', '', 'ACC', 'belum lunas'),
(34, 'PNA0034', 27, 'P0006', 'Personal', 10000000, 10300000, 3433000, 3, 2, 6800000, 1, '2019-09-18', '2019-12-17', 'BPKB', '', '', 'ACC', 'belum lunas'),
(35, 'PNA0035', 49, 'P0006', 'Personal', 15000000, 15450000, 5150000, 3, 3, 15450000, 1, '2019-09-23', '2019-12-22', 'BPKB', 'PNA0035.14.jpg', '', 'ACC', 'belum lunas'),
(36, 'PNA0036', 50, 'P0006', 'Personal', 10000000, 10300000, 3433000, 3, 3, 10300000, 1, '2019-09-23', '2019-12-22', 'BPKB', 'PNA0036.7.jpg', '', 'ACC', 'belum lunas'),
(37, 'PNA0037', 51, 'P0006', 'Personal', 15000000, 15450000, 5150000, 3, 3, 15450000, 1, '2019-09-23', '2019-12-22', 'BPKB', 'PNA0037.11.jpg', '', 'ACC', 'belum lunas'),
(38, 'PNA0038', 54, 'P0006', 'Personal', 12000000, 12360000, 4120000, 3, 3, 12360000, 1, '2019-09-23', '2019-12-22', 'BPKB', 'PNA0038.8.jpg', '', 'ACC', 'belum lunas'),
(39, 'PNA0039', 55, 'P0006', 'Personal', 10000000, 10300000, 3433000, 3, 3, 10300000, 1, '2019-09-23', '2019-12-22', 'BPKB', 'PNA0039.7.jpg', '', 'ACC', 'belum lunas'),
(40, 'PNA0040', 56, 'P0006', 'Personal', 10000000, 10300000, 3433000, 3, 3, 10300000, 1, '2019-09-23', '2019-12-22', 'BPKB', 'PNA0040.11.jpg', '', 'ACC', 'belum lunas'),
(41, 'PNA0041', 57, 'P0006', 'Personal', 15000000, 15450000, 5150000, 3, 3, 15450000, 1, '2019-09-23', '2019-12-22', 'BPKB', 'PNA0041.14.jpg', '', 'ACC', 'belum lunas'),
(42, 'PNA0042', 58, 'P0006', 'Personal', 15000000, 15450000, 5150000, 3, 3, 15450000, 1, '2019-09-23', '2019-12-22', 'BPKB', 'PNA0042.9.jpg', '', 'ACC', 'belum lunas'),
(43, 'PNA0043', 55, 'P0006', 'Personal', 12000000, 12360000, 4120000, 3, 3, 12360000, 1, '2019-09-23', '2019-12-22', 'BPKB', 'PNA0043.11.jpg', '', 'DiTolak', 'belum lunas'),
(44, 'PNA0044', 59, 'P0006', 'Personal', 30000000, 30900000, 10300000, 3, 3, 30900000, 1, '2019-09-23', '2019-12-22', 'BPKB', 'PNA0044.9.jpg', '', 'ACC', 'belum lunas'),
(45, 'PNA0045', 60, 'P0006', 'Personal', 15000000, 15450000, 5150000, 3, 3, 15450000, 1, '2019-09-23', '2019-12-22', 'BPKB', 'PNA0045.9.jpg', '', 'ACC', 'belum lunas'),
(46, 'PNA0046', 62, 'P0006', 'Personal', 12000000, 12360000, 4120000, 3, 3, 12360000, 1, '2019-09-23', '2019-12-22', 'BPKB', 'PNA0046.11.jpg', '', 'ACC', 'belum lunas'),
(47, 'PNA0047', 63, 'P0006', 'Personal', 10000000, 10300000, 3433000, 3, 3, 10300000, 1, '2019-09-23', '2019-12-22', 'BPKB', 'PNA0047.14.jpg', '', 'ACC', 'belum lunas'),
(48, 'PNA0048', 65, 'P0006', 'Personal', 25000000, 25750000, 8583000, 3, 3, 25750000, 1, '2019-09-23', '2019-12-22', 'BPKB', 'PNA0048.11.jpg', '', 'ACC', 'belum lunas'),
(49, 'PNA0049', 68, 'P0006', 'Personal', 12000000, 12360000, 4120000, 3, 3, 12360000, 1, '2019-09-23', '2019-12-22', 'BPKB', 'PNA0049.9.jpg', '', 'ACC', 'belum lunas'),
(50, 'PNA0050', 69, 'P0006', 'Personal', 12000000, 12360000, 4120000, 3, 3, 12360000, 1, '2019-09-23', '2019-12-22', 'BPKB', 'PNA0050.14.jpg', '', 'ACC', 'belum lunas'),
(51, 'PNA0051', 70, 'P0006', 'Personal', 10000000, 10300000, 3433000, 3, 3, 10300000, 1, '2019-09-23', '2019-12-22', 'BPKB', 'PNA0051.13.jpg', '', 'ACC', 'belum lunas'),
(52, 'PNA0052', 71, 'P0006', 'Personal', 10000000, 10300000, 3433000, 3, 3, 10300000, 1, '2019-09-23', '2019-12-22', 'BPKB', 'PNA0052.11.jpg', '', 'ACC', 'belum lunas'),
(53, 'PNA0053', 72, 'P0006', 'Personal', 12000000, 12360000, 4120000, 3, 3, 12360000, 1, '2019-09-23', '2019-12-22', 'BPKB', 'PNA0053.10.jpg', '', 'Belum', 'Belum di acc'),
(54, 'PNA0054', 73, 'P0006', 'Personal', 10000000, 10300000, 3433333.3333333, 3, 3, 10300000, 1, '2019-09-23', '2019-12-22', 'BPKB', 'PNA0054.10.jpg', '', 'Belum', 'Belum di acc');

-- --------------------------------------------------------

--
-- Table structure for table `jenis_pinjam`
--

CREATE TABLE IF NOT EXISTS `jenis_pinjam` (
  `kode_jenis_pinjam` char(5) NOT NULL,
  `nama_pinjaman` varchar(50) NOT NULL,
  `lama_angsuran` int(11) NOT NULL,
  `maks_pinjam` double NOT NULL,
  `bunga` float NOT NULL,
  `u_entry` varchar(50) NOT NULL,
  `tgl_entri` date NOT NULL,
  PRIMARY KEY (`kode_jenis_pinjam`)
) ENGINE=InnoDB DEFAULT CHARSET=latin1;

--
-- Dumping data for table `jenis_pinjam`
--

INSERT INTO `jenis_pinjam` (`kode_jenis_pinjam`, `nama_pinjaman`, `lama_angsuran`, `maks_pinjam`, `bunga`, `u_entry`, `tgl_entri`) VALUES
('P0001', 'biasa', 4, 3000000, 1.5, '1', '2017-02-01'),
('P0002', 'Menengah', 8, 4000000, 2, '1', '2017-03-09'),
('P0003', 'full', 10, 6000000, 2.5, '1', '2017-03-26'),
('P0004', 'Kecil', 2, 1000000, 0.5, '1', '2018-12-30'),
('P0005', 'Perusahaan', 3, 200000000, 3, '1', '2018-12-30'),
('P0006', 'Personal', 3, 75000000, 3, '1', '2019-02-03');

-- --------------------------------------------------------

--
-- Table structure for table `kas`
--

CREATE TABLE IF NOT EXISTS `kas` (
  `id_kas` int(5) NOT NULL AUTO_INCREMENT,
  `jumlah` float(20,3) NOT NULL,
  `keterangan` text NOT NULL,
  `u_entry` varchar(50) NOT NULL,
  `tgl_entri` date NOT NULL,
  PRIMARY KEY (`id_kas`)
) ENGINE=InnoDB  DEFAULT CHARSET=latin1 AUTO_INCREMENT=2 ;

--
-- Dumping data for table `kas`
--

INSERT INTO `kas` (`id_kas`, `jumlah`, `keterangan`, `u_entry`, `tgl_entri`) VALUES
(1, 500000.000, 'sumbangan', '1', '2019-09-08');

-- --------------------------------------------------------

--
-- Table structure for table `klien`
--

CREATE TABLE IF NOT EXISTS `klien` (
  `id_klien` int(11) NOT NULL AUTO_INCREMENT,
  `type` char(20) NOT NULL,
  `nama` varchar(255) NOT NULL,
  `alamat` text NOT NULL,
  `telp` varchar(100) NOT NULL,
  `email` varchar(100) NOT NULL,
  `status` varchar(10) NOT NULL,
  `tgl_pendaftaran` date NOT NULL,
  PRIMARY KEY (`id_klien`),
  KEY `id_klien` (`id_klien`),
  KEY `id_klien_2` (`id_klien`)
) ENGINE=InnoDB  DEFAULT CHARSET=latin1 AUTO_INCREMENT=74 ;

--
-- Dumping data for table `klien`
--

INSERT INTO `klien` (`id_klien`, `type`, `nama`, `alamat`, `telp`, `email`, `status`, `tgl_pendaftaran`) VALUES
(5, 'P0006', 'DIN KAMADIANTINI', 'JL. PANGLAWUNGAN NO.4 BANDUNG', '0822-5431-9876', '@', 'Aktif', '2019-06-30'),
(7, 'P0006', 'IWAN HERMAWAN', 'JL.MEKARWANGI NO. 04 BANDUNG', '0822-5431-9876', '@', 'Aktif', '2019-07-01'),
(8, 'P0005', 'CV SUMBER MAKMUR', 'JL.SUKASENANG NO.03 BANDUNG', '0822-5431-9876', '@', 'Aktif', '2019-07-02'),
(9, 'P0005', 'PT.ANGIN RIBUT', 'JL. SUKAMULYA NO 14 BANDUNG', '0822-5431-9876', '@', 'Aktif', '2019-07-18'),
(10, 'P0005', 'CV JAYAPRIMA', 'JL CIJENGKOL NO 09 BANDUNG', '022-2049876', '@', 'Aktif', '2019-07-18'),
(11, 'P0005', 'PT ASTRI', 'JL.BUAHBATU NO14 RT02/RW07 BANDUNG', '022-2049876', '@', 'Aktif', '2019-07-18'),
(12, 'P0005', 'PT JAYA SENTOSA', 'JL.TAMANBUNGA NO 13 BANDUNG', '022-2032134', '@', 'Aktif', '2019-07-18'),
(13, 'P0006', 'EMA SUMARNA DRS, MSI', 'JL.SILIH ASIH NO.7 RT01/RW05', '081217325432', '@', 'Aktif', '2019-07-20'),
(14, 'P0006', 'TITIN IDAWATI, SH', 'JL.DIRGANTARA NO 12 BANDUNG', '082134217654', '@', 'Aktif', '2019-07-20'),
(15, 'P0006', 'HEPATI PIANTAS, SP', 'JL.BUNGA BAKUNG NO 03 BANDUNG', '082367597890', '@', 'Aktif', '2019-07-20'),
(16, 'P0006', 'DRA. HJ. RITA WINARTI', 'JL.PURWAKARTA NO 07 BANDUNG', '081276548943', '@', 'Aktif', '2019-07-20'),
(17, 'P0006', 'APEP INSAN PARID, AP. MSI', 'JL. SUKA SENANG NO.01 BANDUNG', '082156438868', '@', 'Aktif', '2019-07-20'),
(18, 'P0006', 'H GUN GUN SUMARYANA. S. SOS', 'JL. JATI NEGARA NO 10 RT 05/RW08 BANDUNG', '082156877643', '@', 'Aktif', '2019-07-20'),
(19, 'P0006', 'AJENG HERAWATI, ST', 'JL.GEMMURUH NO 04 RT01/RW11 BANDUNG', '087887650978', '@', 'Aktif', '2019-07-20'),
(20, 'P0006', 'IWAN PERMANA S,SOS', 'JL.SALENDRO NO.07 BANDUNG', '081221568417', '@', 'Aktif', '2019-07-20'),
(21, 'P0006', 'DRS. H. DEDEN SAEPULLOH, MM', 'JL.SUMBER SUGIH NO.09 BANDUNG', '081221568417', '@', 'Aktif', '2019-07-20'),
(22, 'P0006', 'AGUS RAHMAN, SIP ', 'JL. Komplek Perumahan Holis Indah', '085667368525', '@', 'Aktif', '2019-07-20'),
(23, 'P0006', 'MARDIAH NURHAYATI ', 'JL. Borobudur No.03', '081264368536', '@', 'Aktif', '2019-07-20'),
(24, 'P0006', 'DRAJAT A. KS', 'JL.Cirangrang No.07', '081297659643', '@', 'Aktif', '2019-07-20'),
(25, 'P0006', 'H.NANDANG KURNEADI, SH', 'JL.KomplekPerumahan Panca Sila Bakti', '089587548542', '@', 'Aktif', '2019-07-20'),
(26, 'P0006', 'ADANG SUNARYA, SIP', 'JL.KEMBAR NO.012 BANDUNG', '082287645521', '@', 'Aktif', '2019-07-20'),
(27, 'P0006', 'YURI BUDI AGKASA, S.IP', 'JL. KLININGAN NO. 09 BANDUNG', '082112321804', '@', 'Aktif', '2019-07-20'),
(28, 'P0006', 'NIA HASANIAH, SE', 'JL. GUNTUR SARI NO 14 RT01/RW07 BANDUNG', '087876541300', '@', 'Aktif', '2019-07-20'),
(29, 'P0006', 'ADE SUDRAJAT, S. SOS, M. SI', 'JL. BAPA SUHAYA NO 43 RT04/RW05', '081298678778', '@', 'Aktif', '2019-07-20'),
(30, 'P0006', 'ANA RATNANINGSIH, DRA', 'KOMPLEK PERUMAHANKOPO KENCANA NO 32 BANDUNG', '083873657383', '@', 'Aktif', '2019-07-20'),
(31, 'P0006', 'BUDI SILIWANGI, S. SOS', 'JL.PASUNDAN 03 RT.02/RW.05 BANDUNG', '081221568417', '@', 'Aktif', '2019-07-20'),
(32, 'P0006', 'IDWAN SUDRAJAT, SE', 'JL. SAMSUDIN NO 13 RT04/RW03 BANDUNG', '082277700373', '@', 'Aktif', '2019-07-20'),
(33, 'P0006', 'ADANG SAMSUDIN, SPD', 'JL PASIR GALAM NO23 RT07/RW08 BANDUNG', '081287338983', '@', 'Aktif', '2019-07-20'),
(34, 'P0006', 'WAWAN WARDANA ', 'JL. CIBADUYUT KIDUL NO 65 RT01/RW02 BANDUNG', '089687864465', '@', 'Aktif', '2019-07-20'),
(35, 'P0006', 'ELLIN SUMARLIN, DRA', 'JL. SUKA HAJI NO 32 RT02/RW 03 Bandung', '082277337566', '@', 'Aktif', '2019-07-20'),
(36, 'P0006', 'WAWAN IRAWAN', 'JL. CITEPUS NO 09 RT06/RW07 BANDUNG', '082378989870', '@', 'Aktif', '2019-07-20'),
(37, 'P0006', 'AMIR HAMZAH ', 'JL. CIPEDES NO 06 RT/08/RW11 BANDUNG', '089567858785', '@', 'Aktif', '2019-07-20'),
(38, 'P0006', 'ZOLEIHA RAHMA. S,SI', 'JL. SENTOSA NO 76 RT02/RW04 BANDUNG', '081297248724', '@', 'Aktif', '2019-07-20'),
(39, 'P0006', 'DICKY SUNDARA, SE', 'KOMPLEK PERUMAHAN BUDI ASIH NO 04 BANDUNG', '081222908234', '@', 'Aktif', '2019-07-20'),
(40, 'P0006', 'NIA KURNIASIH, SH', 'JL JAPATI NO 02 BANDUNG', '083824282652', '@', 'Aktif', '2019-07-20'),
(41, 'P0006', 'WAWAN HERMAWAN, SE', 'JL RANGGA MALELA NO.05 BANDUNG', '081227832820', '@', 'Aktif', '2019-07-20'),
(42, 'P0006', 'H. IWAN NURACHMAN, SE', 'JL. SUMBAWA NO 56 BANDUNG', '082325683766', '@', 'Aktif', '2019-07-20'),
(43, 'P0006', 'IYUL WIDANINGSIH , SE', 'JL. TONGGOH NO 52 RT07/RW01 BANDUNG', '082267833678', '@', 'Aktif', '2019-07-20'),
(44, 'P0006', 'BARLI SUBARLI ', 'JL SARI WANGI NO 32 BANDUNG', '082389777869', '@', 'Aktif', '2019-07-20'),
(45, 'P0006', 'NENENG ELIANAH, DRA ', 'JL. Budi Asih No.22  rt 07 rw 08 Bandung', '089589893687', '@', 'Aktif', '2019-07-20'),
(46, 'P0006', 'TITIN HADIATI', 'JL. Mustang No.43 rt .04 rw. 10 Bandung', '082197988764', '@', 'Aktif', '2019-07-20'),
(47, 'P0006', 'RISFA EKA PUTRI S.SOS', 'JL. BALADEWA NO 34 RT02/RW08 BANDUNG', '081387893546', '@', 'Aktif', '2019-07-21'),
(48, 'P0006', 'DRA. ROHAETI ADE SURYATI ', 'JL.KESEHATAN O 04 RT06/RW09 BANDUNG', '083876757529', '@', 'Aktif', '2019-07-21'),
(49, 'P0006', 'ANWAR SANUSI,S.SOS', 'Jl. Maulana yusuf no.12 Bandung', '0821-7826-6536', '@', 'Aktif', '2019-09-23'),
(50, 'P0006', 'DEDE ATING', 'Jl. Antapani no.25', '0822-7387-7268', '@', 'Aktif', '2019-09-23'),
(51, 'P0006', 'DEDEN AGUNG NUGRAHA', 'Jl. Sulanjana no. 42 Bandung', '0822-7386-6734', '@', 'Aktif', '2019-09-23'),
(52, 'P0006', 'DEDEN AGUNG NUGRAHA', 'Jl. Sulanjana no. 42 Bandung', '0822-7386-6734', '@', 'Aktif', '2019-09-23'),
(53, 'P0006', 'MAMAT BADRUZAMAN,S.SOS', 'Jl. Harian bangga no.5 Bandung', '0821-3683-6376', '@', 'Aktif', '2019-09-23'),
(54, 'P0006', 'MAMAT BADRUZAMAN,S.SOS', 'Jl. Harian bangga no.5 Bandung', '0821-3683-6376', '@', 'Aktif', '2019-09-23'),
(55, 'P0006', 'DEVI PRAHESTI, SH', 'Jl. Dago elos no.21 Bandung', '0895-5365-7387', '@', 'Aktif', '2019-09-23'),
(56, 'P0006', 'MUCHAMAD ISHAK MUKHLIS, S.SOS', 'Jl. Gede sari no.07 Bandung', '0823-3672-7389', '@', 'Aktif', '2019-09-23'),
(57, 'P0006', 'OKKY DATUSUATI, S.STP', 'Jl. Cibadak no.30 Bandung', '0838-6378-6378', '@', 'Aktif', '2019-09-23'),
(58, 'P0006', 'RISA WULAN', 'Jl. Kangkung no.22 Bandung', '0822-3267-3689', '@', 'Aktif', '2019-09-23'),
(59, 'P0006', 'YUDIMAN ADIREDJA', 'Jl. Gempol sari no.18 Bandung', '0812-7348-7386', '@', 'Aktif', '2019-09-23'),
(60, 'P0006', 'DADANG ROBINI, SH', 'Jl. Cigagak no.05 Bandung', '0822-5638-7387', '@', 'Aktif', '2019-09-23'),
(61, 'P0006', 'EIM GANDA PERMANA. K, SH', 'Jl. Ds. Dewarti no.21 Bandung', '0823-3565-4678', '@', 'Aktif', '2019-09-23'),
(62, 'P0006', 'CECEP SUTISNA', 'Jl. Arumba no.24 Bandung', '0823-3673-7878', '@', 'Aktif', '2019-09-23'),
(63, 'P0006', 'HENDRA ANDRIAN,S.KOM', 'Jl. Dian moleh no.16 Bandung', '0822-6378-6478', '@', 'Aktif', '2019-09-23'),
(64, 'P0006', 'H. DINDIN BUDIMAN', 'Jl. H.alfi no.37 Bandung', '0822-3326-0424', '@', 'Aktif', '2019-09-23'),
(65, 'P0006', 'ADE MIFTAH', 'Jl. Jurang no.17 Bandung', '0895-2590-6673', '@', 'Aktif', '2019-09-23'),
(66, 'P0006', 'ENI ROHAENI', 'Jl. Cikutra barat no.25 Bandung', '0821-7836-5342', '@', 'Aktif', '2019-09-23'),
(67, 'P0006', 'DEDY DAMADY', 'Jl. Lembong no.03 Bandung', '0822-4379-2343', '@', 'Aktif', '2019-09-23'),
(68, 'P0006', 'WACHYU NUGRAHA', 'Jl. Cihampelas no.07 Bandung', '0821-7263-9838', '@', 'Aktif', '2019-09-23'),
(69, 'P0006', 'DEDI SUPRIATNA', 'Jl. Pungkur no.08 Bandung', '0823-3679-9836', '@', 'Aktif', '2019-09-23'),
(70, 'P0006', 'SUTIONO', 'Jl. Cilangkarang no.10 Bandung', '0812-6437-8744', '@', 'Aktif', '2019-09-23'),
(71, 'P0006', 'YAYA SUNARYA', 'Jl. Cipadung indah no.18 Bandung', '0823-7386-3763', '@', 'Aktif', '2019-09-23'),
(72, 'P0006', 'MAMAN JUARYAMAN', 'Jl. Mekar mulya no.07 Bandung', '0821-3897-3696', '@', 'Aktif', '2019-09-23'),
(73, 'P0006', 'GUGUN RUSWANUGRAHA, SE.AK', 'Komplek perumahan Guruminda no. 14 Bandung', '0823-3678-9723', '@', 'Aktif', '2019-09-23');

-- --------------------------------------------------------

--
-- Table structure for table `pj_akses`
--

CREATE TABLE IF NOT EXISTS `pj_akses` (
  `id_akses` tinyint(1) unsigned NOT NULL AUTO_INCREMENT,
  `label` varchar(10) NOT NULL,
  `level_akses` varchar(15) NOT NULL,
  PRIMARY KEY (`id_akses`)
) ENGINE=InnoDB  DEFAULT CHARSET=latin1 AUTO_INCREMENT=7 ;

--
-- Dumping data for table `pj_akses`
--

INSERT INTO `pj_akses` (`id_akses`, `label`, `level_akses`) VALUES
(1, 'admin', 'Administrator'),
(2, 'staff', 'Staff Koperasi'),
(4, 'keuangan', 'Staff Keuangan'),
(6, 'ketua', 'Ketua');

-- --------------------------------------------------------

--
-- Table structure for table `pj_ci_sessions`
--

CREATE TABLE IF NOT EXISTS `pj_ci_sessions` (
  `id` varchar(40) NOT NULL,
  `ip_address` varchar(45) NOT NULL,
  `timestamp` int(10) unsigned NOT NULL DEFAULT '0',
  `data` blob NOT NULL,
  KEY `ci_sessions_timestamp` (`timestamp`)
) ENGINE=InnoDB DEFAULT CHARSET=latin1;

--
-- Dumping data for table `pj_ci_sessions`
--

INSERT INTO `pj_ci_sessions` (`id`, `ip_address`, `timestamp`, `data`) VALUES
('e8771820aecb135a28520847b987eea3b08d9b67', '::1', 1568213635, 0x5f5f63695f6c6173745f726567656e65726174657c693a313536383231333137303b61705f69645f757365727c733a313a2231223b61705f70617373776f72647c733a34303a2264303333653232616533343861656235363630666332313430616563333538353063346461393937223b61705f6e616d617c733a31313a22547269204d756c79616e69223b61705f6c6576656c7c733a353a2261646d696e223b61705f6c6576656c5f63617074696f6e7c733a31333a2241646d696e6973747261746f72223b),
('d292d8d281c8e53c34669b370771b44d609a360d', '::1', 1568214013, 0x5f5f63695f6c6173745f726567656e65726174657c693a313536383231333633393b61705f69645f757365727c733a313a2231223b61705f70617373776f72647c733a34303a2264303333653232616533343861656235363630666332313430616563333538353063346461393937223b61705f6e616d617c733a31313a22547269204d756c79616e69223b61705f6c6576656c7c733a353a2261646d696e223b61705f6c6576656c5f63617074696f6e7c733a31333a2241646d696e6973747261746f72223b),
('a64a4a80b288272ef8adf341c4519022de18517b', '::1', 1568214043, 0x5f5f63695f6c6173745f726567656e65726174657c693a313536383231343033383b61705f69645f757365727c733a313a2231223b61705f70617373776f72647c733a34303a2264303333653232616533343861656235363630666332313430616563333538353063346461393937223b61705f6e616d617c733a31313a22547269204d756c79616e69223b61705f6c6576656c7c733a353a2261646d696e223b61705f6c6576656c5f63617074696f6e7c733a31333a2241646d696e6973747261746f72223b),
('9b417a45ac2692af4a06896ec7e1d3dc05268613', '::1', 1568214796, 0x5f5f63695f6c6173745f726567656e65726174657c693a313536383231343437343b61705f69645f757365727c733a313a2231223b61705f70617373776f72647c733a34303a2264303333653232616533343861656235363630666332313430616563333538353063346461393937223b61705f6e616d617c733a31313a22547269204d756c79616e69223b61705f6c6576656c7c733a353a2261646d696e223b61705f6c6576656c5f63617074696f6e7c733a31333a2241646d696e6973747261746f72223b),
('2f3c9b4af7318820fc88c9200395034eca5ac40f', '::1', 1568215157, 0x5f5f63695f6c6173745f726567656e65726174657c693a313536383231343832393b61705f69645f757365727c733a313a2231223b61705f70617373776f72647c733a34303a2264303333653232616533343861656235363630666332313430616563333538353063346461393937223b61705f6e616d617c733a31313a22547269204d756c79616e69223b61705f6c6576656c7c733a353a2261646d696e223b61705f6c6576656c5f63617074696f6e7c733a31333a2241646d696e6973747261746f72223b),
('e70b0a432e2061a71900885250b64bf202f8bfa6', '::1', 1568215387, 0x5f5f63695f6c6173745f726567656e65726174657c693a313536383231353136373b61705f69645f757365727c733a313a2231223b61705f70617373776f72647c733a34303a2264303333653232616533343861656235363630666332313430616563333538353063346461393937223b61705f6e616d617c733a31313a22547269204d756c79616e69223b61705f6c6576656c7c733a353a2261646d696e223b61705f6c6576656c5f63617074696f6e7c733a31333a2241646d696e6973747261746f72223b),
('046c6bea0b023f8075b4bf37d6287c20921fce4c', '::1', 1568215892, 0x5f5f63695f6c6173745f726567656e65726174657c693a313536383231353839323b61705f69645f757365727c733a313a2231223b61705f70617373776f72647c733a34303a2264303333653232616533343861656235363630666332313430616563333538353063346461393937223b61705f6e616d617c733a31313a22547269204d756c79616e69223b61705f6c6576656c7c733a353a2261646d696e223b61705f6c6576656c5f63617074696f6e7c733a31333a2241646d696e6973747261746f72223b),
('3bd27f9193f5373bdbc752eccc7d5b6ba45157c0', '::1', 1568216808, 0x5f5f63695f6c6173745f726567656e65726174657c693a313536383231363533363b61705f69645f757365727c733a313a2231223b61705f70617373776f72647c733a34303a2264303333653232616533343861656235363630666332313430616563333538353063346461393937223b61705f6e616d617c733a31313a22547269204d756c79616e69223b61705f6c6576656c7c733a353a2261646d696e223b61705f6c6576656c5f63617074696f6e7c733a31333a2241646d696e6973747261746f72223b),
('c088969f103c2547734f3f6a8c195c1bbb278821', '::1', 1568217005, 0x5f5f63695f6c6173745f726567656e65726174657c693a313536383231363932313b61705f69645f757365727c733a313a2231223b61705f70617373776f72647c733a34303a2264303333653232616533343861656235363630666332313430616563333538353063346461393937223b61705f6e616d617c733a31313a22547269204d756c79616e69223b61705f6c6576656c7c733a353a2261646d696e223b61705f6c6576656c5f63617074696f6e7c733a31333a2241646d696e6973747261746f72223b),
('087a561de81e512fb444c9b9d0cda6d61b7600c4', '::1', 1568218646, 0x5f5f63695f6c6173745f726567656e65726174657c693a313536383231383432393b61705f69645f757365727c733a313a2231223b61705f70617373776f72647c733a34303a2264303333653232616533343861656235363630666332313430616563333538353063346461393937223b61705f6e616d617c733a31313a22547269204d756c79616e69223b61705f6c6576656c7c733a353a2261646d696e223b61705f6c6576656c5f63617074696f6e7c733a31333a2241646d696e6973747261746f72223b),
('02fad48895d74f1c3d2c265534858768cf12052f', '::1', 1568262165, 0x5f5f63695f6c6173745f726567656e65726174657c693a313536383236313934393b61705f69645f757365727c733a313a2231223b61705f70617373776f72647c733a34303a2264303333653232616533343861656235363630666332313430616563333538353063346461393937223b61705f6e616d617c733a31313a22547269204d756c79616e69223b61705f6c6576656c7c733a353a2261646d696e223b61705f6c6576656c5f63617074696f6e7c733a31333a2241646d696e6973747261746f72223b),
('343cfd7d9c58c28d3ef939df03438f982a481f20', '::1', 1568262973, 0x5f5f63695f6c6173745f726567656e65726174657c693a313536383236323733383b61705f69645f757365727c733a313a2231223b61705f70617373776f72647c733a34303a2264303333653232616533343861656235363630666332313430616563333538353063346461393937223b61705f6e616d617c733a31313a22547269204d756c79616e69223b61705f6c6576656c7c733a353a2261646d696e223b61705f6c6576656c5f63617074696f6e7c733a31333a2241646d696e6973747261746f72223b),
('2706e2852ea66d7198d6d1f6f84eee396c367de1', '::1', 1568263275, 0x5f5f63695f6c6173745f726567656e65726174657c693a313536383236333036363b61705f69645f757365727c733a313a2231223b61705f70617373776f72647c733a34303a2264303333653232616533343861656235363630666332313430616563333538353063346461393937223b61705f6e616d617c733a31313a22547269204d756c79616e69223b61705f6c6576656c7c733a353a2261646d696e223b61705f6c6576656c5f63617074696f6e7c733a31333a2241646d696e6973747261746f72223b),
('d5338269cb63fb139cd40693ad92496420d1cf4f', '::1', 1568264641, 0x5f5f63695f6c6173745f726567656e65726174657c693a313536383236343634303b),
('4fe2e06216d2c1909976b1bae5211d299434c1d2', '::1', 1568344512, 0x5f5f63695f6c6173745f726567656e65726174657c693a313536383334343433313b61705f69645f757365727c733a313a2231223b61705f70617373776f72647c733a34303a2264303333653232616533343861656235363630666332313430616563333538353063346461393937223b61705f6e616d617c733a31313a22547269204d756c79616e69223b61705f6c6576656c7c733a353a2261646d696e223b61705f6c6576656c5f63617074696f6e7c733a31333a2241646d696e6973747261746f72223b),
('850e69b9a2ef9bdb1e56b0df5203779eb35674b1', '::1', 1568690515, 0x5f5f63695f6c6173745f726567656e65726174657c693a313536383639303432343b61705f69645f757365727c733a313a2231223b61705f70617373776f72647c733a34303a2264303333653232616533343861656235363630666332313430616563333538353063346461393937223b61705f6e616d617c733a31313a22547269204d756c79616e69223b61705f6c6576656c7c733a353a2261646d696e223b61705f6c6576656c5f63617074696f6e7c733a31333a2241646d696e6973747261746f72223b),
('4f3a0536757975076ead606a984a8aa680b02991', '::1', 1568692462, 0x5f5f63695f6c6173745f726567656e65726174657c693a313536383639323336383b61705f69645f757365727c733a313a2231223b61705f70617373776f72647c733a34303a2264303333653232616533343861656235363630666332313430616563333538353063346461393937223b61705f6e616d617c733a31313a22547269204d756c79616e69223b61705f6c6576656c7c733a353a2261646d696e223b61705f6c6576656c5f63617074696f6e7c733a31333a2241646d696e6973747261746f72223b),
('c42b2b66df9b36b4d55c7c430d8070790840d1cc', '::1', 1568695333, 0x5f5f63695f6c6173745f726567656e65726174657c693a313536383639353132323b61705f69645f757365727c733a313a2231223b61705f70617373776f72647c733a34303a2264303333653232616533343861656235363630666332313430616563333538353063346461393937223b61705f6e616d617c733a31313a22547269204d756c79616e69223b61705f6c6576656c7c733a353a2261646d696e223b61705f6c6576656c5f63617074696f6e7c733a31333a2241646d696e6973747261746f72223b),
('1db36c31e9083a5c3c2eef3efd8c4e5bd82269f9', '::1', 1568695497, 0x5f5f63695f6c6173745f726567656e65726174657c693a313536383639353439373b61705f69645f757365727c733a313a2231223b61705f70617373776f72647c733a34303a2264303333653232616533343861656235363630666332313430616563333538353063346461393937223b61705f6e616d617c733a31313a22547269204d756c79616e69223b61705f6c6576656c7c733a353a2261646d696e223b61705f6c6576656c5f63617074696f6e7c733a31333a2241646d696e6973747261746f72223b),
('8d34e7b04137e054a26f64fe1069b3ffb105e208', '::1', 1568695791, 0x5f5f63695f6c6173745f726567656e65726174657c693a313536383639353439383b61705f69645f757365727c733a313a2231223b61705f70617373776f72647c733a34303a2264303333653232616533343861656235363630666332313430616563333538353063346461393937223b61705f6e616d617c733a31313a22547269204d756c79616e69223b61705f6c6576656c7c733a353a2261646d696e223b61705f6c6576656c5f63617074696f6e7c733a31333a2241646d696e6973747261746f72223b),
('3adfa15434c55be0a42515014835559951ae2f47', '::1', 1568696074, 0x5f5f63695f6c6173745f726567656e65726174657c693a313536383639353830303b61705f69645f757365727c733a313a2231223b61705f70617373776f72647c733a34303a2264303333653232616533343861656235363630666332313430616563333538353063346461393937223b61705f6e616d617c733a31313a22547269204d756c79616e69223b61705f6c6576656c7c733a353a2261646d696e223b61705f6c6576656c5f63617074696f6e7c733a31333a2241646d696e6973747261746f72223b),
('ca8b2a063a390e9108658298f20531e12ed7d8d8', '::1', 1568696199, 0x5f5f63695f6c6173745f726567656e65726174657c693a313536383639363134383b61705f69645f757365727c733a313a2231223b61705f70617373776f72647c733a34303a2264303333653232616533343861656235363630666332313430616563333538353063346461393937223b61705f6e616d617c733a31313a22547269204d756c79616e69223b61705f6c6576656c7c733a353a2261646d696e223b61705f6c6576656c5f63617074696f6e7c733a31333a2241646d696e6973747261746f72223b),
('6961168f7e404ad4cdc5bc8fb0f3701fd97e8ce5', '::1', 1568696842, 0x5f5f63695f6c6173745f726567656e65726174657c693a313536383639363639343b61705f69645f757365727c733a313a2231223b61705f70617373776f72647c733a34303a2264303333653232616533343861656235363630666332313430616563333538353063346461393937223b61705f6e616d617c733a31313a22547269204d756c79616e69223b61705f6c6576656c7c733a353a2261646d696e223b61705f6c6576656c5f63617074696f6e7c733a31333a2241646d696e6973747261746f72223b),
('47c7f5955c52c7e7fc07e6d42ede93d659a91305', '::1', 1568790298, 0x5f5f63695f6c6173745f726567656e65726174657c693a313536383739303035363b61705f69645f757365727c733a313a2231223b61705f70617373776f72647c733a34303a2264303333653232616533343861656235363630666332313430616563333538353063346461393937223b61705f6e616d617c733a31313a22547269204d756c79616e69223b61705f6c6576656c7c733a353a2261646d696e223b61705f6c6576656c5f63617074696f6e7c733a31333a2241646d696e6973747261746f72223b),
('90830ad8e2ad517a784c47b344ce6c5046d7a2bd', '::1', 1568790877, 0x5f5f63695f6c6173745f726567656e65726174657c693a313536383739303638393b61705f69645f757365727c733a313a2231223b61705f70617373776f72647c733a34303a2264303333653232616533343861656235363630666332313430616563333538353063346461393937223b61705f6e616d617c733a31313a22547269204d756c79616e69223b61705f6c6576656c7c733a353a2261646d696e223b61705f6c6576656c5f63617074696f6e7c733a31333a2241646d696e6973747261746f72223b),
('262e39a2c78fa5988a3d9b5454a35c1829675fd9', '::1', 1568792086, 0x5f5f63695f6c6173745f726567656e65726174657c693a313536383739313739373b61705f69645f757365727c733a313a2231223b61705f70617373776f72647c733a34303a2264303333653232616533343861656235363630666332313430616563333538353063346461393937223b61705f6e616d617c733a31313a22547269204d756c79616e69223b61705f6c6576656c7c733a353a2261646d696e223b61705f6c6576656c5f63617074696f6e7c733a31333a2241646d696e6973747261746f72223b),
('154c8eeb443850b219953a33cabe8cb1c28458f0', '::1', 1568792217, 0x5f5f63695f6c6173745f726567656e65726174657c693a313536383739323133383b61705f69645f757365727c733a313a2231223b61705f70617373776f72647c733a34303a2264303333653232616533343861656235363630666332313430616563333538353063346461393937223b61705f6e616d617c733a31313a22547269204d756c79616e69223b61705f6c6576656c7c733a353a2261646d696e223b61705f6c6576656c5f63617074696f6e7c733a31333a2241646d696e6973747261746f72223b),
('178cc8c2434cc5669c1dfd2b320def472f500706', '::1', 1568792552, 0x5f5f63695f6c6173745f726567656e65726174657c693a313536383739323436313b61705f69645f757365727c733a313a2231223b61705f70617373776f72647c733a34303a2264303333653232616533343861656235363630666332313430616563333538353063346461393937223b61705f6e616d617c733a31313a22547269204d756c79616e69223b61705f6c6576656c7c733a353a2261646d696e223b61705f6c6576656c5f63617074696f6e7c733a31333a2241646d696e6973747261746f72223b),
('005566f9a2123936fecf75e37ad196a8844a81d3', '::1', 1568793129, 0x5f5f63695f6c6173745f726567656e65726174657c693a313536383739333132393b61705f69645f757365727c733a313a2231223b61705f70617373776f72647c733a34303a2264303333653232616533343861656235363630666332313430616563333538353063346461393937223b61705f6e616d617c733a31313a22547269204d756c79616e69223b61705f6c6576656c7c733a353a2261646d696e223b61705f6c6576656c5f63617074696f6e7c733a31333a2241646d696e6973747261746f72223b),
('54a7656c141a33605652f5c630d945aa536fdf86', '::1', 1568793130, 0x5f5f63695f6c6173745f726567656e65726174657c693a313536383739333133303b61705f69645f757365727c733a313a2231223b61705f70617373776f72647c733a34303a2264303333653232616533343861656235363630666332313430616563333538353063346461393937223b61705f6e616d617c733a31313a22547269204d756c79616e69223b61705f6c6576656c7c733a353a2261646d696e223b61705f6c6576656c5f63617074696f6e7c733a31333a2241646d696e6973747261746f72223b),
('918d9b9ce0f74c5506e23f0bd2357ad1d434ad70', '::1', 1568793310, 0x5f5f63695f6c6173745f726567656e65726174657c693a313536383739333133303b61705f69645f757365727c733a313a2231223b61705f70617373776f72647c733a34303a2264303333653232616533343861656235363630666332313430616563333538353063346461393937223b61705f6e616d617c733a31313a22547269204d756c79616e69223b61705f6c6576656c7c733a353a2261646d696e223b61705f6c6576656c5f63617074696f6e7c733a31333a2241646d696e6973747261746f72223b),
('29134e34b5ca936fb573ae24fa655113d24d3cf4', '::1', 1568793610, 0x5f5f63695f6c6173745f726567656e65726174657c693a313536383739333537393b61705f69645f757365727c733a313a2231223b61705f70617373776f72647c733a34303a2264303333653232616533343861656235363630666332313430616563333538353063346461393937223b61705f6e616d617c733a31313a22547269204d756c79616e69223b61705f6c6576656c7c733a353a2261646d696e223b61705f6c6576656c5f63617074696f6e7c733a31333a2241646d696e6973747261746f72223b),
('0ef37a6548965cf31abc27179866af40aad987e2', '::1', 1568794067, 0x5f5f63695f6c6173745f726567656e65726174657c693a313536383739333839393b61705f69645f757365727c733a313a2231223b61705f70617373776f72647c733a34303a2264303333653232616533343861656235363630666332313430616563333538353063346461393937223b61705f6e616d617c733a31313a22547269204d756c79616e69223b61705f6c6576656c7c733a353a2261646d696e223b61705f6c6576656c5f63617074696f6e7c733a31333a2241646d696e6973747261746f72223b),
('44c7971a9e608eff379a6764761b7c56cfeae022', '::1', 1568795139, 0x5f5f63695f6c6173745f726567656e65726174657c693a313536383739343832363b61705f69645f757365727c733a313a2231223b61705f70617373776f72647c733a34303a2264303333653232616533343861656235363630666332313430616563333538353063346461393937223b61705f6e616d617c733a31313a22547269204d756c79616e69223b61705f6c6576656c7c733a353a2261646d696e223b61705f6c6576656c5f63617074696f6e7c733a31333a2241646d696e6973747261746f72223b),
('190462be1ad84f2eb6e60c27a28abe4ed6df386b', '::1', 1568796385, 0x5f5f63695f6c6173745f726567656e65726174657c693a313536383739363231323b61705f69645f757365727c733a313a2231223b61705f70617373776f72647c733a34303a2264303333653232616533343861656235363630666332313430616563333538353063346461393937223b61705f6e616d617c733a31313a22547269204d756c79616e69223b61705f6c6576656c7c733a353a2261646d696e223b61705f6c6576656c5f63617074696f6e7c733a31333a2241646d696e6973747261746f72223b),
('79158fb8dc6558b0d2919d59afa4b92a89e99522', '::1', 1568797001, 0x5f5f63695f6c6173745f726567656e65726174657c693a313536383739363730303b61705f69645f757365727c733a313a2231223b61705f70617373776f72647c733a34303a2264303333653232616533343861656235363630666332313430616563333538353063346461393937223b61705f6e616d617c733a31313a22547269204d756c79616e69223b61705f6c6576656c7c733a353a2261646d696e223b61705f6c6576656c5f63617074696f6e7c733a31333a2241646d696e6973747261746f72223b),
('60f77cd6052e759edf18c7126fe3f949f22a0e8f', '::1', 1568797294, 0x5f5f63695f6c6173745f726567656e65726174657c693a313536383739373030333b61705f69645f757365727c733a313a2231223b61705f70617373776f72647c733a34303a2264303333653232616533343861656235363630666332313430616563333538353063346461393937223b61705f6e616d617c733a31313a22547269204d756c79616e69223b61705f6c6576656c7c733a353a2261646d696e223b61705f6c6576656c5f63617074696f6e7c733a31333a2241646d696e6973747261746f72223b),
('c6cbde77e10564fcbeb252ef636b205883668a53', '::1', 1568797505, 0x5f5f63695f6c6173745f726567656e65726174657c693a313536383739373432303b61705f69645f757365727c733a313a2231223b61705f70617373776f72647c733a34303a2264303333653232616533343861656235363630666332313430616563333538353063346461393937223b61705f6e616d617c733a31313a22547269204d756c79616e69223b61705f6c6576656c7c733a353a2261646d696e223b61705f6c6576656c5f63617074696f6e7c733a31333a2241646d696e6973747261746f72223b),
('9e1ee62fd223599c55dbaf43a6e1bba5247996fc', '::1', 1568797926, 0x5f5f63695f6c6173745f726567656e65726174657c693a313536383739373931363b61705f69645f757365727c733a313a2231223b61705f70617373776f72647c733a34303a2264303333653232616533343861656235363630666332313430616563333538353063346461393937223b61705f6e616d617c733a31313a22547269204d756c79616e69223b61705f6c6576656c7c733a353a2261646d696e223b61705f6c6576656c5f63617074696f6e7c733a31333a2241646d696e6973747261746f72223b),
('4f9a78ce819f7532172e16bd670623f4bb332d25', '::1', 1568801330, 0x5f5f63695f6c6173745f726567656e65726174657c693a313536383739383435333b61705f69645f757365727c733a313a2231223b61705f70617373776f72647c733a34303a2264303333653232616533343861656235363630666332313430616563333538353063346461393937223b61705f6e616d617c733a31313a22547269204d756c79616e69223b61705f6c6576656c7c733a353a2261646d696e223b61705f6c6576656c5f63617074696f6e7c733a31333a2241646d696e6973747261746f72223b),
('a07cc65a550616bfe39a7cdcb63a0b370aa5b24d', '::1', 1568801390, 0x5f5f63695f6c6173745f726567656e65726174657c693a313536383830313337303b61705f69645f757365727c733a313a2231223b61705f70617373776f72647c733a34303a2264303333653232616533343861656235363630666332313430616563333538353063346461393937223b61705f6e616d617c733a31313a22547269204d756c79616e69223b61705f6c6576656c7c733a353a2261646d696e223b61705f6c6576656c5f63617074696f6e7c733a31333a2241646d696e6973747261746f72223b),
('72572b307f90b3316495eea84212d2f1fed37bef', '::1', 1568802034, 0x5f5f63695f6c6173745f726567656e65726174657c693a313536383830313736383b61705f69645f757365727c733a313a2231223b61705f70617373776f72647c733a34303a2264303333653232616533343861656235363630666332313430616563333538353063346461393937223b61705f6e616d617c733a31313a22547269204d756c79616e69223b61705f6c6576656c7c733a353a2261646d696e223b61705f6c6576656c5f63617074696f6e7c733a31333a2241646d696e6973747261746f72223b),
('57bbaf882d96bce2aa2de9aa52c1f1fc3e94b65f', '::1', 1568802463, 0x5f5f63695f6c6173745f726567656e65726174657c693a313536383830323133363b61705f69645f757365727c733a313a2231223b61705f70617373776f72647c733a34303a2264303333653232616533343861656235363630666332313430616563333538353063346461393937223b61705f6e616d617c733a31313a22547269204d756c79616e69223b61705f6c6576656c7c733a353a2261646d696e223b61705f6c6576656c5f63617074696f6e7c733a31333a2241646d696e6973747261746f72223b),
('80484a6826e96bf52ad06dfba26a5f7fa37d8975', '::1', 1568802579, 0x5f5f63695f6c6173745f726567656e65726174657c693a313536383830323436383b61705f69645f757365727c733a313a2231223b61705f70617373776f72647c733a34303a2264303333653232616533343861656235363630666332313430616563333538353063346461393937223b61705f6e616d617c733a31313a22547269204d756c79616e69223b61705f6c6576656c7c733a353a2261646d696e223b61705f6c6576656c5f63617074696f6e7c733a31333a2241646d696e6973747261746f72223b),
('21187ef21fc751d54dbad3595f47862ebf4e3d34', '::1', 1568804630, 0x5f5f63695f6c6173745f726567656e65726174657c693a313536383830343336393b61705f69645f757365727c733a313a2231223b61705f70617373776f72647c733a34303a2264303333653232616533343861656235363630666332313430616563333538353063346461393937223b61705f6e616d617c733a31313a22547269204d756c79616e69223b61705f6c6576656c7c733a353a2261646d696e223b61705f6c6576656c5f63617074696f6e7c733a31333a2241646d696e6973747261746f72223b),
('e2917bf7320f8119c56875bf7757cdbb92d03ec8', '::1', 1568804710, 0x5f5f63695f6c6173745f726567656e65726174657c693a313536383830343730393b61705f69645f757365727c733a313a2231223b61705f70617373776f72647c733a34303a2264303333653232616533343861656235363630666332313430616563333538353063346461393937223b61705f6e616d617c733a31313a22547269204d756c79616e69223b61705f6c6576656c7c733a353a2261646d696e223b61705f6c6576656c5f63617074696f6e7c733a31333a2241646d696e6973747261746f72223b),
('729f488ceb693c9934582ad5a1df9c8aa831c017', '::1', 1568805328, 0x5f5f63695f6c6173745f726567656e65726174657c693a313536383830353330313b61705f69645f757365727c733a313a2231223b61705f70617373776f72647c733a34303a2264303333653232616533343861656235363630666332313430616563333538353063346461393937223b61705f6e616d617c733a31313a22547269204d756c79616e69223b61705f6c6576656c7c733a353a2261646d696e223b61705f6c6576656c5f63617074696f6e7c733a31333a2241646d696e6973747261746f72223b),
('9a60d502d6e0969250b8f5e429b60530bbb5d49d', '::1', 1569033473, 0x5f5f63695f6c6173745f726567656e65726174657c693a313536393033333135323b61705f69645f757365727c733a313a2231223b61705f70617373776f72647c733a34303a2264303333653232616533343861656235363630666332313430616563333538353063346461393937223b61705f6e616d617c733a31313a22547269204d756c79616e69223b61705f6c6576656c7c733a353a2261646d696e223b61705f6c6576656c5f63617074696f6e7c733a31333a2241646d696e6973747261746f72223b),
('2f83ed2c3571b3fcc43ce1b8c213a640c651dd55', '::1', 1569033752, 0x5f5f63695f6c6173745f726567656e65726174657c693a313536393033333437363b61705f69645f757365727c733a313a2231223b61705f70617373776f72647c733a34303a2264303333653232616533343861656235363630666332313430616563333538353063346461393937223b61705f6e616d617c733a31313a22547269204d756c79616e69223b61705f6c6576656c7c733a353a2261646d696e223b61705f6c6576656c5f63617074696f6e7c733a31333a2241646d696e6973747261746f72223b),
('4b7f9ace3f91725a6f1a166625398ef4d4038043', '::1', 1569034239, 0x5f5f63695f6c6173745f726567656e65726174657c693a313536393033333739393b61705f69645f757365727c733a313a2231223b61705f70617373776f72647c733a34303a2264303333653232616533343861656235363630666332313430616563333538353063346461393937223b61705f6e616d617c733a31313a22547269204d756c79616e69223b61705f6c6576656c7c733a353a2261646d696e223b61705f6c6576656c5f63617074696f6e7c733a31333a2241646d696e6973747261746f72223b),
('942aa813a8f6f39244132046cf8040d019f47acc', '::1', 1569034300, 0x5f5f63695f6c6173745f726567656e65726174657c693a313536393033343330303b61705f69645f757365727c733a313a2231223b61705f70617373776f72647c733a34303a2264303333653232616533343861656235363630666332313430616563333538353063346461393937223b61705f6e616d617c733a31313a22547269204d756c79616e69223b61705f6c6576656c7c733a353a2261646d696e223b61705f6c6576656c5f63617074696f6e7c733a31333a2241646d696e6973747261746f72223b),
('734b1aee6d5748758e81a4f29e73dc9826d4aa72', '::1', 1569040306, 0x5f5f63695f6c6173745f726567656e65726174657c693a313536393034303230383b61705f69645f757365727c733a313a2231223b61705f70617373776f72647c733a34303a2264303333653232616533343861656235363630666332313430616563333538353063346461393937223b61705f6e616d617c733a31313a22547269204d756c79616e69223b61705f6c6576656c7c733a353a2261646d696e223b61705f6c6576656c5f63617074696f6e7c733a31333a2241646d696e6973747261746f72223b),
('87498b03bd1f3ca159cec50c6d8746543d3f946d', '::1', 1569206707, 0x5f5f63695f6c6173745f726567656e65726174657c693a313536393230363432383b61705f69645f757365727c733a313a2231223b61705f70617373776f72647c733a34303a2264303333653232616533343861656235363630666332313430616563333538353063346461393937223b61705f6e616d617c733a31313a22547269204d756c79616e69223b61705f6c6576656c7c733a353a2261646d696e223b61705f6c6576656c5f63617074696f6e7c733a31333a2241646d696e6973747261746f72223b),
('81a0bc47dfc6c3ba3cf25bb9b911efc96b02220c', '::1', 1569207121, 0x5f5f63695f6c6173745f726567656e65726174657c693a313536393230363738313b61705f69645f757365727c733a313a2231223b61705f70617373776f72647c733a34303a2264303333653232616533343861656235363630666332313430616563333538353063346461393937223b61705f6e616d617c733a31313a22547269204d756c79616e69223b61705f6c6576656c7c733a353a2261646d696e223b61705f6c6576656c5f63617074696f6e7c733a31333a2241646d696e6973747261746f72223b),
('25a279ef6823e34510152ce1563b139c3a1dd062', '::1', 1569207491, 0x5f5f63695f6c6173745f726567656e65726174657c693a313536393230373132303b61705f69645f757365727c733a313a2231223b61705f70617373776f72647c733a34303a2264303333653232616533343861656235363630666332313430616563333538353063346461393937223b61705f6e616d617c733a31313a22547269204d756c79616e69223b61705f6c6576656c7c733a353a2261646d696e223b61705f6c6576656c5f63617074696f6e7c733a31333a2241646d696e6973747261746f72223b),
('e8f142dcafb4d0550b72863d78efb8de6086e10d', '::1', 1569207794, 0x5f5f63695f6c6173745f726567656e65726174657c693a313536393230373530323b61705f69645f757365727c733a313a2231223b61705f70617373776f72647c733a34303a2264303333653232616533343861656235363630666332313430616563333538353063346461393937223b61705f6e616d617c733a31313a22547269204d756c79616e69223b61705f6c6576656c7c733a353a2261646d696e223b61705f6c6576656c5f63617074696f6e7c733a31333a2241646d696e6973747261746f72223b),
('47cd3158413889832113fe84d5e72a5603699fec', '::1', 1569208215, 0x5f5f63695f6c6173745f726567656e65726174657c693a313536393230373831313b61705f69645f757365727c733a313a2231223b61705f70617373776f72647c733a34303a2264303333653232616533343861656235363630666332313430616563333538353063346461393937223b61705f6e616d617c733a31313a22547269204d756c79616e69223b61705f6c6576656c7c733a353a2261646d696e223b61705f6c6576656c5f63617074696f6e7c733a31333a2241646d696e6973747261746f72223b),
('8c371d4d61ce1c78409fc676eaebb54479e3c268', '::1', 1569208544, 0x5f5f63695f6c6173745f726567656e65726174657c693a313536393230383231383b61705f69645f757365727c733a313a2231223b61705f70617373776f72647c733a34303a2264303333653232616533343861656235363630666332313430616563333538353063346461393937223b61705f6e616d617c733a31313a22547269204d756c79616e69223b61705f6c6576656c7c733a353a2261646d696e223b61705f6c6576656c5f63617074696f6e7c733a31333a2241646d696e6973747261746f72223b),
('b8f7b5f9112d8c2083c8c464df3707aa9be08ecc', '::1', 1569208918, 0x5f5f63695f6c6173745f726567656e65726174657c693a313536393230383534363b61705f69645f757365727c733a313a2231223b61705f70617373776f72647c733a34303a2264303333653232616533343861656235363630666332313430616563333538353063346461393937223b61705f6e616d617c733a31313a22547269204d756c79616e69223b61705f6c6576656c7c733a353a2261646d696e223b61705f6c6576656c5f63617074696f6e7c733a31333a2241646d696e6973747261746f72223b),
('612ce327bc99392f2f356a35d57f2291c9c3de18', '::1', 1569209287, 0x5f5f63695f6c6173745f726567656e65726174657c693a313536393230383932303b61705f69645f757365727c733a313a2231223b61705f70617373776f72647c733a34303a2264303333653232616533343861656235363630666332313430616563333538353063346461393937223b61705f6e616d617c733a31313a22547269204d756c79616e69223b61705f6c6576656c7c733a353a2261646d696e223b61705f6c6576656c5f63617074696f6e7c733a31333a2241646d696e6973747261746f72223b),
('f4c8dbe56f7456a6fc70309841902c025a1efad2', '::1', 1569209654, 0x5f5f63695f6c6173745f726567656e65726174657c693a313536393230393238393b61705f69645f757365727c733a313a2231223b61705f70617373776f72647c733a34303a2264303333653232616533343861656235363630666332313430616563333538353063346461393937223b61705f6e616d617c733a31313a22547269204d756c79616e69223b61705f6c6576656c7c733a353a2261646d696e223b61705f6c6576656c5f63617074696f6e7c733a31333a2241646d696e6973747261746f72223b),
('2f26094942d9b4a7df1ef953dfde22a265b51add', '::1', 1569209953, 0x5f5f63695f6c6173745f726567656e65726174657c693a313536393230393635373b61705f69645f757365727c733a313a2231223b61705f70617373776f72647c733a34303a2264303333653232616533343861656235363630666332313430616563333538353063346461393937223b61705f6e616d617c733a31313a22547269204d756c79616e69223b61705f6c6576656c7c733a353a2261646d696e223b61705f6c6576656c5f63617074696f6e7c733a31333a2241646d696e6973747261746f72223b),
('2dfe61298bf22bd4fab911cd7ba785da7ccc598a', '::1', 1569210340, 0x5f5f63695f6c6173745f726567656e65726174657c693a313536393231303031373b61705f69645f757365727c733a313a2231223b61705f70617373776f72647c733a34303a2264303333653232616533343861656235363630666332313430616563333538353063346461393937223b61705f6e616d617c733a31313a22547269204d756c79616e69223b61705f6c6576656c7c733a353a2261646d696e223b61705f6c6576656c5f63617074696f6e7c733a31333a2241646d696e6973747261746f72223b),
('8efc14c26a1771c001d4d680b852214418129091', '::1', 1569210658, 0x5f5f63695f6c6173745f726567656e65726174657c693a313536393231303334343b61705f69645f757365727c733a313a2231223b61705f70617373776f72647c733a34303a2264303333653232616533343861656235363630666332313430616563333538353063346461393937223b61705f6e616d617c733a31313a22547269204d756c79616e69223b61705f6c6576656c7c733a353a2261646d696e223b61705f6c6576656c5f63617074696f6e7c733a31333a2241646d696e6973747261746f72223b),
('af297e482e30c12821ec523da38b4772a84de990', '::1', 1569210963, 0x5f5f63695f6c6173745f726567656e65726174657c693a313536393231303636343b61705f69645f757365727c733a313a2231223b61705f70617373776f72647c733a34303a2264303333653232616533343861656235363630666332313430616563333538353063346461393937223b61705f6e616d617c733a31313a22547269204d756c79616e69223b61705f6c6576656c7c733a353a2261646d696e223b61705f6c6576656c5f63617074696f6e7c733a31333a2241646d696e6973747261746f72223b),
('1ca868c9745a4348d849cae9f46e7147cf989191', '::1', 1569211027, 0x5f5f63695f6c6173745f726567656e65726174657c693a313536393231303936363b61705f69645f757365727c733a313a2231223b61705f70617373776f72647c733a34303a2264303333653232616533343861656235363630666332313430616563333538353063346461393937223b61705f6e616d617c733a31313a22547269204d756c79616e69223b61705f6c6576656c7c733a353a2261646d696e223b61705f6c6576656c5f63617074696f6e7c733a31333a2241646d696e6973747261746f72223b),
('45634ca2d52849a048abd7dbb9d6dbe35f6d5fa1', '::1', 1569212069, 0x5f5f63695f6c6173745f726567656e65726174657c693a313536393231313536323b61705f69645f757365727c733a313a2231223b61705f70617373776f72647c733a34303a2264303333653232616533343861656235363630666332313430616563333538353063346461393937223b61705f6e616d617c733a31313a22547269204d756c79616e69223b61705f6c6576656c7c733a353a2261646d696e223b61705f6c6576656c5f63617074696f6e7c733a31333a2241646d696e6973747261746f72223b),
('26da4e8b31f946ed01427fb06f1ea689841cd839', '::1', 1569212088, 0x5f5f63695f6c6173745f726567656e65726174657c693a313536393231323038363b61705f69645f757365727c733a313a2231223b61705f70617373776f72647c733a34303a2264303333653232616533343861656235363630666332313430616563333538353063346461393937223b61705f6e616d617c733a31313a22547269204d756c79616e69223b61705f6c6576656c7c733a353a2261646d696e223b61705f6c6576656c5f63617074696f6e7c733a31333a2241646d696e6973747261746f72223b),
('30becf6060f1390c8bd6ae66bb450af3ab7b023d', '::1', 1569212933, 0x5f5f63695f6c6173745f726567656e65726174657c693a313536393231323533353b61705f69645f757365727c733a313a2231223b61705f70617373776f72647c733a34303a2264303333653232616533343861656235363630666332313430616563333538353063346461393937223b61705f6e616d617c733a31313a22547269204d756c79616e69223b61705f6c6576656c7c733a353a2261646d696e223b61705f6c6576656c5f63617074696f6e7c733a31333a2241646d696e6973747261746f72223b),
('67758ee33bf562ec9e7a9aa163d78a371feada2d', '::1', 1569294377, 0x5f5f63695f6c6173745f726567656e65726174657c693a313536393239343139333b61705f69645f757365727c733a313a2231223b61705f70617373776f72647c733a34303a2264303333653232616533343861656235363630666332313430616563333538353063346461393937223b61705f6e616d617c733a31313a22547269204d756c79616e69223b61705f6c6576656c7c733a353a2261646d696e223b61705f6c6576656c5f63617074696f6e7c733a31333a2241646d696e6973747261746f72223b),
('57c8c5c0bcae3fbeabe3827b38c68d18bbcba138', '::1', 1569295315, 0x5f5f63695f6c6173745f726567656e65726174657c693a313536393239353033393b61705f69645f757365727c733a313a2231223b61705f70617373776f72647c733a34303a2264303333653232616533343861656235363630666332313430616563333538353063346461393937223b61705f6e616d617c733a31313a22547269204d756c79616e69223b61705f6c6576656c7c733a353a2261646d696e223b61705f6c6576656c5f63617074696f6e7c733a31333a2241646d696e6973747261746f72223b),
('253cabda7205793a380ce49f13c4fd0e5c632acb', '::1', 1569385534, 0x5f5f63695f6c6173745f726567656e65726174657c693a313536393338353136303b61705f69645f757365727c733a313a2231223b61705f70617373776f72647c733a34303a2264303333653232616533343861656235363630666332313430616563333538353063346461393937223b61705f6e616d617c733a31313a22547269204d756c79616e69223b61705f6c6576656c7c733a353a2261646d696e223b61705f6c6576656c5f63617074696f6e7c733a31333a2241646d696e6973747261746f72223b),
('24b3eb9efa70039afbd2dfe5cd89bc26bc24c06a', '::1', 1569843421, 0x5f5f63695f6c6173745f726567656e65726174657c693a313536393834333232323b61705f69645f757365727c733a313a2231223b61705f70617373776f72647c733a34303a2264303333653232616533343861656235363630666332313430616563333538353063346461393937223b61705f6e616d617c733a31313a22547269204d756c79616e69223b61705f6c6576656c7c733a353a2261646d696e223b61705f6c6576656c5f63617074696f6e7c733a31333a2241646d696e6973747261746f72223b);

-- --------------------------------------------------------

--
-- Table structure for table `pj_user`
--

CREATE TABLE IF NOT EXISTS `pj_user` (
  `id_user` mediumint(1) unsigned NOT NULL AUTO_INCREMENT,
  `username` varchar(15) NOT NULL,
  `password` varchar(40) NOT NULL,
  `nama` varchar(50) NOT NULL,
  `id_akses` tinyint(1) unsigned NOT NULL,
  `status` enum('Aktif','Non Aktif') NOT NULL,
  `dihapus` enum('tidak','ya') NOT NULL,
  PRIMARY KEY (`id_user`)
) ENGINE=InnoDB  DEFAULT CHARSET=latin1 AUTO_INCREMENT=10 ;

--
-- Dumping data for table `pj_user`
--

INSERT INTO `pj_user` (`id_user`, `username`, `password`, `nama`, `id_akses`, `status`, `dihapus`) VALUES
(1, 'admin', 'd033e22ae348aeb5660fc2140aec35850c4da997', 'Tri Mulyani', 1, 'Aktif', 'tidak'),
(2, 'staff', 'd033e22ae348aeb5660fc2140aec35850c4da997', 'Jaya', 2, 'Aktif', 'tidak'),
(6, 'Keuangan', 'd033e22ae348aeb5660fc2140aec35850c4da997', 'Nina', 4, 'Aktif', 'tidak'),
(9, 'ketua', 'd033e22ae348aeb5660fc2140aec35850c4da997', 'Ketua Koperasi', 6, 'Aktif', 'tidak');

-- --------------------------------------------------------

--
-- Table structure for table `shu`
--

CREATE TABLE IF NOT EXISTS `shu` (
  `id_shu` int(11) NOT NULL AUTO_INCREMENT,
  `nilai` double NOT NULL,
  `keterangan` text NOT NULL,
  PRIMARY KEY (`id_shu`)
) ENGINE=InnoDB  DEFAULT CHARSET=latin1 AUTO_INCREMENT=2 ;

--
-- Dumping data for table `shu`
--

INSERT INTO `shu` (`id_shu`, `nilai`, `keterangan`) VALUES
(1, 1114250000, 'kas ajah');

-- --------------------------------------------------------

--
-- Table structure for table `transaksi`
--

CREATE TABLE IF NOT EXISTS `transaksi` (
  `id_transaksi` int(5) unsigned NOT NULL AUTO_INCREMENT,
  `id_klien` int(5) NOT NULL,
  `kode_anggota` varchar(40) NOT NULL,
  `tanggal` date NOT NULL,
  `nilai` decimal(10,0) NOT NULL,
  `keterangan` text,
  `id_user` mediumint(5) unsigned NOT NULL,
  PRIMARY KEY (`id_transaksi`)
) ENGINE=InnoDB  DEFAULT CHARSET=latin1 AUTO_INCREMENT=41 ;

--
-- Dumping data for table `transaksi`
--

INSERT INTO `transaksi` (`id_transaksi`, `id_klien`, `kode_anggota`, `tanggal`, `nilai`, `keterangan`, `id_user`) VALUES
(1, 5, '0', '2019-08-12', 2100000, 'Angsuran Anggota : DIN KAMADIANTINI S.IP', 1),
(2, 5, '0', '2019-09-04', 2100000, 'Angsuran Anggota : DIN KAMADIANTINI', 1),
(3, 8, '0', '2019-09-05', 450000, 'Angsuran Anggota : CV SUMBER MAKMUR', 1),
(4, 5, '0', '2019-09-08', 2100000, 'Angsuran Anggota : DIN KAMADIANTINI', 1),
(5, 7, '0', '2019-09-09', 1500000, 'Angsuran Anggota : IWAN HERMAWAN', 1),
(6, 8, '0', '2019-09-09', 450000, 'Angsuran Anggota : CV SUMBER MAKMUR', 1),
(7, 7, '0', '2019-09-09', 1500000, 'Angsuran Anggota : IWAN HERMAWAN', 1),
(8, 7, '0', '2019-09-09', 1500000, 'Angsuran Anggota : IWAN HERMAWAN', 1),
(9, 7, '0', '2019-09-11', 1500000, 'Angsuran Anggota : IWAN HERMAWAN', 1),
(10, 7, '0', '2019-09-11', 1500000, 'Angsuran Anggota : IWAN HERMAWAN', 1),
(11, 26, '0', '2019-09-11', 210000, 'Angsuran Anggota : ADANG SUNARYA, SIP', 1),
(12, 9, '0', '2019-09-11', 300000, 'Angsuran Anggota : PT.ANGIN RIBUT', 1),
(13, 10, '0', '2019-09-11', 360000, 'Angsuran Anggota : CV JAYAPRIMA', 1),
(14, 13, '0', '2019-09-11', 180000, 'Angsuran Anggota : EMA SUMARNA DRS, MSI', 1),
(15, 14, '0', '2019-09-11', 240000, 'Angsuran Anggota : TITIN IDAWATI, SH', 1),
(16, 16, '0', '2019-09-11', 225000, 'Angsuran Anggota : DRA. HJ. RITA WINARTI', 1),
(17, 15, '0', '2019-09-11', 195000, 'Angsuran Anggota : HEPATI PIANTAS, SP', 1),
(18, 18, '0', '2019-09-11', 270000, 'Angsuran Anggota : H GUN GUN SUMARYANA. S. SOS', 1),
(19, 19, '0', '2019-09-11', 300000, 'Angsuran Anggota : AJENG HERAWATI, ST', 1),
(20, 20, '0', '2019-09-11', 255000, 'Angsuran Anggota : IWAN PERMANA S,SOS', 1),
(21, 21, '0', '2019-09-11', 22500, 'Angsuran Anggota : DRS. H. DEDEN SAEPULLOH, MM', 1),
(22, 22, '0', '2019-09-11', 240000, 'Angsuran Anggota : AGUS RAHMAN, SIP ', 1),
(23, 25, '0', '2019-09-11', 180000, 'Angsuran Anggota : H.NANDANG KURNEADI, SH', 1),
(24, 27, '0', '2019-09-11', 225000, 'Angsuran Anggota : YURI BUDI AGKASA, S.IP', 1),
(25, 23, '0', '2019-09-11', 255000, 'Angsuran Anggota : MARDIAH NURHAYATI ', 1),
(26, 24, '0', '2019-09-11', 270000, 'Angsuran Anggota : DRAJAT A. KS', 1),
(27, 29, '0', '2019-09-11', 255000, 'Angsuran Anggota : ADE SUDRAJAT, S. SOS, M. SI', 1),
(28, 28, '0', '2019-09-11', 285000, 'Angsuran Anggota : NIA HASANIAH, SE', 1),
(29, 30, '0', '2019-09-11', 300000, 'Angsuran Anggota : ANA RATNANINGSIH, DRA', 1),
(30, 31, '0', '2019-09-11', 300000, 'Angsuran Anggota : BUDI SILIWANGI, S. SOS', 1),
(31, 32, '0', '2019-09-11', 285000, 'Angsuran Anggota : IDWAN SUDRAJAT, SE', 1),
(32, 35, '0', '2019-09-11', 285000, 'Angsuran Anggota : ELLIN SUMARLIN, DRA', 1),
(33, 33, '0', '2019-09-11', 285000, 'Angsuran Anggota : ADANG SAMSUDIN, SPD', 1),
(34, 9, '0', '2019-09-12', 300000, 'Angsuran Anggota : PT.ANGIN RIBUT', 1),
(35, 14, '0', '2019-09-18', 240000, 'Angsuran Anggota : TITIN IDAWATI, SH', 1),
(36, 38, '0', '2019-09-18', 300000, 'Angsuran Anggota : ZOLEIHA RAHMA. S,SI', 1),
(37, 8, '0', '2019-09-18', 450000, 'Angsuran Anggota : CV SUMBER MAKMUR', 1),
(38, 27, '0', '2019-09-18', 300000, 'Angsuran Anggota : YURI BUDI AGKASA, S.IP', 1),
(39, 38, '0', '2019-09-18', 300000, 'Angsuran Anggota : ZOLEIHA RAHMA. S,SI', 1),
(40, 34, '0', '2019-09-21', 360000, 'Angsuran Anggota : WAWAN WARDANA ', 1);

-- --------------------------------------------------------

--
-- Table structure for table `unit_kerja`
--

CREATE TABLE IF NOT EXISTS `unit_kerja` (
  `id_unit_kerja` int(5) NOT NULL AUTO_INCREMENT,
  `unit_kerja` varchar(50) NOT NULL,
  `u_entry` varchar(50) NOT NULL,
  `tgl_entri` date NOT NULL,
  PRIMARY KEY (`id_unit_kerja`),
  KEY `id_unit_kerja` (`id_unit_kerja`)
) ENGINE=InnoDB  DEFAULT CHARSET=latin1 AUTO_INCREMENT=6 ;

--
-- Dumping data for table `unit_kerja`
--

INSERT INTO `unit_kerja` (`id_unit_kerja`, `unit_kerja`, `u_entry`, `tgl_entri`) VALUES
(2, 'PNS', '1', '2018-12-29'),
(3, 'DAMKAR', '1', '2018-12-29'),
(4, 'SAT POL PP', '1', '2018-12-29'),
(5, 'DISTARU', '1', '2019-01-13');

/*!40101 SET CHARACTER_SET_CLIENT=@OLD_CHARACTER_SET_CLIENT */;
/*!40101 SET CHARACTER_SET_RESULTS=@OLD_CHARACTER_SET_RESULTS */;
/*!40101 SET COLLATION_CONNECTION=@OLD_COLLATION_CONNECTION */;
